category_name,number_of_products,total_quantity_sold,total_revenue
Mountain Bikes,57,1755,3037508.119299997
Road Bikes,53,560,1911627.5394999976
Cruisers Bicycles,78,2066,1357705.0979999965
Electric Bikes,23,317,920364.7640000008
Cyclocross Bicycles,10,394,711011.8359000003
Comfort Bicycles,30,813,613271.0916000006
Children Bicycles,56,1179,458451.837600002
