brand_name,number_of_products,total_quantity_sold,total_revenue
Trek,125,1842,4992747.168999982
Electra,115,2615,1496207.3840999973
Surly,24,908,1036051.0219000013
Sun Bicycles,23,731,860053.9975999994
Haro,10,331,220725.87069999994
Heller,3,138,171459.07569999993
Pure Cycles,3,376,149476.34000000032
Ritchey,1,118,78898.94799999999
Strider,3,25,4320.478899999999
